Adiantum raddianum,Delta Maidenhair Fern
Aeschynanthus,Aeschynanthus leaves,Lipstick Plant,Lipstick Plant leaves
Agave Shaka Zulu
Aglaonema B.J. Freedman
Aglaonema Christina
Aglaonema Crete
Aglaonema Cutlass
Aglaonema Diamond Bay
Aglaonema Key Lime
Aglaonema Kiwi
Aglaonema Lemon Mint
Aglaonema Maria
Aglaonema Silver Bay
Aglaonema Silver Queen
Aglaonema Stripes
Alocasia amazonica Polly
Alocasia Bambino Arrow
Alocasia cucullata
Alocasia cuprea Red Secret
Alocasia Portodora
Alocasia Stingray
Alocasia Wentii
Alocasia Yucatan Princess
Alocasia zebrina Tiger
Aloe vera
Aloe vera Paradisicum
Anthurium Joli Peach
Anthurium Joli Pulse
Anthurium Royal Red
Anthurium Vanilla
Anthurium Arrow
Anthurium elipticum
Aphelandra squarrosa Botanica,Zebra Plant
Asparagus densiflorus Myersii
Asparagus densiflorus Sprengeri
Asparagus falcatus
Asparagus setaceus
Aspidistra,Cast Iron Plant
Asplenium Crissie Amy
Asplenium Hurricane
Asplenium Leslie
Asplenium nidus Campio
Asplenium nidus Crispy Wave
Asplenium Osaka
Asplenium Parvati
Aucuba japonica Variegata
Calathea lancifolia
Calathea majestica
Calathea musaica Network
Calathea orbifolia
Calathea ornata
Calathea roseopicta Cora
Calathea roseopicta Dottie
Calathea roseopicta Medallion
Calathea roseopicta Rosy
Calathea rufibarba
Calathea rufibarba Bluegrass
Calathea Sanderiana
Calathea zebrina
Caryota mitis
Ceropegia woodii
Chamaedorea elegans
Chamaedorea seifrizii
Chlorophytum Bonnie
Chlorophytum Ocean
Chlorophytum Variegatum
Chlorophytum Vittatum
Chrysalidocarpus
Chrysalidocarpus lutescens
Cissus rhombifolia Ellen Dancia
Cissus striata parthenocissus
Clusia rosea Princess
Cocos nucifera
Codiaeum Iceton
Codiaeum Petra
Coffea arabica plant,Coffee Plant
Cordyline fruticosa Glauca
Cordyline fruticosa Mambo
Crassula marneriana Hottentot
Crassula muscosa
Crassula ovata
Crassula ovata Gollum
Crassula ovata Sunset
Crassula ovata Undulata
Crassula perforata
Ctenanthe burle marxii Amabilis
Curio ficoides Mount Everest
Delosperma echinatum
Dieffenbachia Maroba
Dieffenbachia seguine Tropic Snow
Dracaena Cintho
Dracaena Compacta
Dracaena deremensis Warneckii
Dracaena fragrans Burley
Dracaena fragrans Cintho
Dracaena fragrans Compacta
Dracaena fragrans Dorado
Dracaena fragrans Golden Coast
Dracaena fragrans Janet Craig
Dracaena fragrans Janet Lind
Dracaena fragrans Lemon Lime
Dracaena fragrans Riki
Dracaena fragrans Tornado
Dracaena fragrans Ulises
Dracaena fragrans White Jewel
Dracaena Janet Craig
Dracaena Janet Lind
Dracaena Lemon Lime
Dracaena marginata Bicolour
Dracaena marginata Red Edged
Dracaena reflexa Anita
Dracaena surculosa
Dracaena Warneckii
Echeveria agavoides Miranda
Echeveria lilacina
Echeveria Purple Pearl
Echinocactus grusonii
Epiphyllum anguliger
Epipremnum aureum,Golden Pothos,Marble Queen Pothos,NJoy Pothos,Golden Neon Pothos
Epipremnum pictum Argyraeus
Epipremnum pictum Silvery Ann
Cebu Blue Pothos
Epipremnum Trebie,Satin Pothos Trebie
Euphorbia triangularis
Euphorbia trigona rubra,African Milk Tree
Fatsia japonica,Japanese Aralia
Ficus Alii
Ficus Amstel King
Ficus benghalensis Audrey,Bengal Fig
Ficus benjamina
Ficus benjamina Danielle
Ficus benjamina Twilight
Ficus cyathistipula,African Fig
Ficus elastica Abidjan,Burgundy Rubber Plant
Ficus elastica Belize,Pink Rubber Plant
Ficus elastica Melany,Rubber Plant
Ficus Ginseng
Ficus lyrata
Ficus Moclame
Ficus pumila White Sunny
Fittonia albivenis Mosaic Skeleton
Gasteria D Tiga
Gasteria Little Warty
Guzmania Calypso
Guzmania Variada
Haworthia fasciala
Haworthiopsis limifolia
Hedera helix Golden Kolibri
Hedera helix Pittsburgh
Homalomena rubescens Maggy
Howea
Hoya australis
Hoya carnosa Tricolor
Hoya linearis
Hoya wayetii Tricolor
Humata tyermannii,White Rabbit's Foot Fern
Iresine herbstii Rich Goldstar,Yellow Bloodleaf
Kalanchoe thyrsiflora,Paddle Plant
Kalanchoe tomentosa,Panda Plant
Laurus nobilis
Livistona rotundifolia
Maranta leuconeura var. erythroneura
Microsorum musifolium Crocodyllus
Monstera adansonii,Philodendron Monkey Mask plant
Monstera deliciosa
Musa Dwarf Cavendish,Banana Plant
Nephrolepis exaltata Bostoniensis
Opuntia microdasys,Bunny Ear Cactus
Opuntia rubescens Consolea,Road Kill Cactus
Opuntia vulgaris,Prickly Pear Cactus
Pachira aquatica
Peperomia angulata rocca scuro
Peperomia argyreia
Peperomia caperata Red Luna
Peperomia caperata Rosso
Peperomia caperata Santorini
Peperomia clusiifolia Red Margin
Peperomia ferreyrae Nevada
Peperomia obtusifolia Golden Gate
Peperomia obtusifolia Green
Peperomia Piccolo Banda
Peperomia rotundifolia,Trailing Jade Plant
Philodendron Birkin
Philodendron erubescens Green Princess
Philodendron erubescens Red Emerald
Philodendron Green Beauty
Philodendron Green Wonder
Philodendron hastatum Silver Queen
Philodendron Imperial Green
Philodendron Imperial Red
Philodendron micans
Philodendron Painted Lady
Philodendron pedatum
Philodendron Prince of Orange
Philodendron Red Beauty
Philodendron scandens
Phlebodium Blue Star
Phlebodium davana
Phoenix canariensis
Pilea glaucophylla Greyzy
Pilea peperomioides
Platycerium bifurcatum
Polyscias Fabian
Polyscias Ming
Rhaphidophora tetrasperma
Rhapis excelsa
Rhipsalis crispata
Rhipsalis heteroclada
Sansevieria bacularis Mikado
Sansevieria cylindrica
Sansevieria Futura Superba
Sansevieria kirkii
Sansevieria Laurentii
Sansevieria masoniana Victoria
Sansevieria trifasciata
Schefflera actinophylla
Schefflera arboricola
Schefflera arboricola Compacta
Schefflera arboricola Melanie
Schefflera Gold Capella
Sedum Burrito
Senecio Himalaya
Senecio rowleyanus
Spathiphyllum Bellini
Spathiphyllum Sensation
Spathiphyllum Sweet Lauretta
Spathiphyllum Vivaldi
Strelitzia nicolai
Strelitzia reginae
Stromanthe sanguinea Triostar
Syngonium nephthytis Arrow
Thaumatophyllum bipinnatifidum
Tradescantia albiflora Nanouk
Tradescantia zebrina
Yucca Plant
Yucca elephantipes
Zamia furfuracea
Zamioculcas zamiifolia
Washingtonia robusta
Asparagus Fern
Alocasia Micholitziana
Alocasia MacRophyllus
Pineapple Plant
Alocasia Zebrina
Papyrus Plant
Christnas Cactus
Orchid plant
Majesty Palm
oxalis triangularis
jade plant
Basil Plant
Myrtillo Cactus
trachyandra tortilis
Moon Valley Pilea
Boophone Disticha
Euphorbia Tirucalli
Candelabra Cactus
Rosemary plant
Norfolk Island Pine
Aeonium
Mammilaria
Bamboo plant
Chinese Fan Palm
Thyme plant
adenium,desert rose
Venus Flytrap
Hoya Kerrii
Fishbone Cactus
Garden cress plant
Coriander plant
Parsley plant